Section,What It Is,Where It Goes
Full FAQ content,Your 10 Q&As,"FAQ page (link exists, content missing)"
Seller Rules,7 community rules + CTA,Seller onboarding / Help Center
Start Selling Free page,Full page with features & CTAs,Onboarding / Sell flow
Safety & Payments,Trust copy + meetup tips,Help Center / Safety page
Local & Porch Pickup,"Toggle labels, confirmations, tips",Listing creation + transaction flow
Pay Inside the App,Full payment flow copy,In-app payment screens
Buyer & Seller tags,Profile badges & tooltips,User profiles
Chat Safety Options,"Report, Block, Flag menus",In-app chat
Paywall screen,Upgrade gate copy,Triggered when free limit hit
Upgrade messages,5 nudge variants,Throughout the app contextually
Start Selling Free modal,Onboarding modal,First sell attempt
Porch Pickup photo confirmation,Photo step + buyer/seller states,Porch Pickup transaction flow
Escrow payment hold,Full escrow lifecycle copy,In-app payment system